code_module,code_presentation,id_assessment,assessment_type,date,weight
AAA,2013J,1752,TMA,19,10
AAA,2013J,1753,TMA,54,20
AAA,2013J,1754,TMA,117,20
AAA,2013J,1755,TMA,166,20
AAA,2013J,1756,TMA,215,30
BBB,2013J,1757,TMA,19,5
BBB,2013J,1758,TMA,47,18
BBB,2013J,1759,TMA,89,18
BBB,2013J,1760,TMA,124,18
BBB,2013J,1761,TMA,159,18
BBB,2013J,1762,CMA,23,1
CCC,2014J,1763,TMA,32,9
CCC,2014J,1764,TMA,67,22
DDD,2013J,1765,TMA,25,10
DDD,2013J,1766,TMA,53,15
EEE,2013J,1767,TMA,33,16
FFF,2013J,1768,TMA,24,12.5
GGG,2013J,1769,CMA,229,0
